column,mean_LOO_best,mean_Val_best,mean_mean_PCE,mean_std_PCE,mean_LOO_LAR,mean_LOO_full,mean_Val_LAR,mean_Val_full,S1_Ec,ST_Ec,S1_Rel,ST_Rel,S1_Erat_1,ST_Erat_1,S1_E50_1,ST_E50_1,S1_c_1,ST_c_1,S1_phi_1,ST_phi_1,S1_k0_1,ST_k0_1,S1_Erat_2,ST_Erat_2,S1_E50_2,ST_E50_2,S1_c_2,ST_c_2,S1_phi_2,ST_phi_2,S1_k0_2,ST_k0_2
SF_6652_19,0.006074375,,-1375559.2659964585,46755.53903520238,0.006074375,0.014060850000000001,,,0.035695286980249416,0.035695286980249416,0.00020910728583037157,0.00020910728583037157,5.7602053091554565e-05,5.7602053091554565e-05,5.0354661690505854e-05,5.0354661690505854e-05,0.0002234773856200167,0.0002234773856200167,0.000336548040867257,0.000336548040867257,0.7126768763697411,0.7126768763697411,0.022399252711333535,0.022399252711333535,0.002140653927899209,0.002140653927899209,3.55623829720059e-05,3.55623829720059e-05,0.0009664441234225057,0.0009664441234225057,0.22520883407728254,0.22520883407728254
SF_6651_19,0.00614275,,-1377795.8428869995,46215.27145858988,0.00614275,0.01427065,,,0.03670334106670454,0.03670334106670454,0.00021223408330253946,0.00021223408330253946,5.933995571892949e-05,5.933995571892949e-05,5.053410546120305e-05,5.053410546120305e-05,0.00022769374966370292,0.00022769374966370292,0.00033966979937381835,0.00033966979937381835,0.7079615040469134,0.7079615040469134,0.02285127189847725,0.02285127189847725,0.0021736660139937804,0.0021736660139937804,3.661889446832892e-05,3.661889446832892e-05,0.0009871978497771308,0.0009871978497771308,0.22839692853614527,0.22839692853614527
SF_6650_19,0.0061880749999999995,,-1382398.086437257,45044.34179670765,0.0061880749999999995,0.0147303,,,0.03876593604323412,0.03876593604323412,0.00022442809277256094,0.00022442809277256094,6.25311769952892e-05,6.25311769952892e-05,5.126771483575674e-05,5.126771483575674e-05,0.0002511510534807272,0.0002511510534807272,0.0003472359679560558,0.0003472359679560558,0.6984901829157075,0.6984901829157075,0.023864578048176488,0.023864578048176488,0.0022590206626069663,0.0022590206626069663,3.856309224280353e-05,3.856309224280353e-05,0.0010571903155737715,0.0010571903155737715,0.234587914916418,0.234587914916418
SF_6649_19,0.006577125,,-1389675.139306231,43312.48341614694,0.006577125,0.015494974999999998,,,0.04315858960937716,0.04315858960937716,0.0001553678204999836,0.0001553678204999836,6.743078616012803e-05,6.743078616012803e-05,8.868714531031634e-05,8.868714531031634e-05,9.480450516528761e-05,9.480450516528761e-05,0.0,0.0,0.679186905640763,0.679186905640763,0.02582675083944468,0.02582675083944468,0.0024627359091043497,0.0024627359091043497,2.7606039380384082e-05,2.7606039380384082e-05,0.0009820213124279687,0.0009820213124279687,0.24794910039236673,0.24794910039236673
SF_6648_19,0.006862275,,-1399090.8046404817,40981.43702225433,0.006862275,0.016689025,,,0.047657066972852595,0.047657066972852595,0.0003869316597062791,0.0003869316597062791,7.459815294740635e-05,7.459815294740635e-05,9.064362689205058e-05,9.064362689205058e-05,0.0,0.0,0.0,0.0,0.658652457045477,0.658652457045477,0.0289248722537715,0.0289248722537715,0.002662805713497344,0.002662805713497344,3.0873945187780054e-05,3.0873945187780054e-05,0.0011469394937214084,0.0011469394937214084,0.26037281113594657,0.26037281113594657
SF_6647_19,0.007281775,,-1410982.2684435768,38114.535926505894,0.007281775,0.0184958,,,0.054672731971094124,0.054672731971094124,0.0004017160496693536,0.0004017160496693536,8.488980675110988e-05,8.488980675110988e-05,9.347520995525667e-05,9.347520995525667e-05,0.00017270926478332236,0.00017270926478332236,0.0003641960567674576,0.0003641960567674576,0.6302306338329313,0.6302306338329313,0.03219787227069104,0.03219787227069104,0.002920576259505584,0.002920576259505584,3.5355286736089424e-05,3.5355286736089424e-05,0.0012106438937159855,0.0012106438937159855,0.2776152000973994,0.2776152000973994
SF_6646_19,0.008166175,,-1425199.9481352975,34944.83013544024,0.008166175,0.021208325,,,0.06629934499022819,0.06629934499022819,0.00045551436493485313,0.00045551436493485313,7.413473565319615e-05,7.413473565319615e-05,0.0,0.0,0.00019230008302549656,0.00019230008302549656,0.0004042993486685925,0.0004042993486685925,0.5883907128721547,0.5883907128721547,0.03735365050669707,0.03735365050669707,0.0032344422153455787,0.0032344422153455787,4.976217870489881e-05,4.976217870489881e-05,0.0014983523055721226,0.0014983523055721226,0.30204748639901535,0.30204748639901535
SF_6645_19,0.009677975,,-1441628.3138577489,31486.356225131683,0.009677975,0.0253152,,,0.08359668676915509,0.08359668676915509,0.0004127815348372692,0.0004127815348372692,8.860050845922574e-05,8.860050845922574e-05,0.0,0.0,0.0003733624487888016,0.0003733624487888016,0.00045898125541552024,0.00045898125541552024,0.5291926986628464,0.5291926986628464,0.04431877218248123,0.04431877218248123,0.0036528586407757017,0.0036528586407757017,5.9970904350831495e-05,5.9970904350831495e-05,0.0018005158177964596,0.0018005158177964596,0.3360447712750935,0.3360447712750935
SF_6644_19,0.011921325,,-1460803.1377076893,27939.60815960433,0.011921325,0.0315747,,,0.11005108165269278,0.11005108165269278,0.0004980093993348031,0.0004980093993348031,5.0745060886442016e-05,5.0745060886442016e-05,0.0,0.0,0.0003929489257983227,0.0003929489257983227,0.0004938055132446613,0.0004938055132446613,0.445631238944028,0.445631238944028,0.054764876799814025,0.054764876799814025,0.004054402866743881,0.004054402866743881,0.0,0.0,0.0021414884329457083,0.0021414884329457083,0.38192140240451133,0.38192140240451133
SF_6643_19,0.01474685,,-1482800.0469212837,24388.92834443914,0.01474685,0.04101085,,,0.14745844726956817,0.14745844726956817,0.0008279980569576923,0.0008279980569576923,7.04012792127817e-05,7.04012792127817e-05,0.0,0.0,0.00029820706919870356,0.00029820706919870356,0.0005610732178189964,0.0005610732178189964,0.33089666841327187,0.33089666841327187,0.06751057468923649,0.06751057468923649,0.005067057148839375,0.005067057148839375,0.0,0.0,0.002905076141982218,0.002905076141982218,0.4444044967139137,0.4444044967139137
SF_6642_19,0.0188225,,-1509522.820050756,21338.672562203792,0.0188225,0.054195925,,,0.1992311104960267,0.1992311104960267,0.0009501003761533688,0.0009501003761533688,0.00010321002044178142,0.00010321002044178142,0.0,0.0,0.0003872293205264331,0.0003872293205264331,0.0006396982672408275,0.0006396982672408275,0.19472557987219996,0.19472557987219996,0.08083868568932372,0.08083868568932372,0.005851386820626525,0.005851386820626525,0.0,0.0,0.0039987002609144975,0.0039987002609144975,0.5132742988765462,0.5132742988765462
SF_6641_19,0.0241811,,-1542295.4795217065,19060.068917502078,0.0241811,0.0699894,,,0.2572760695100799,0.2572760695100799,0.001077028396357291,0.001077028396357291,0.0001440373532446868,0.0001440373532446868,0.0,0.0,0.0003022054207202428,0.0003022054207202428,0.0,0.0,0.06195179762791868,0.06195179762791868,0.08740893637366515,0.08740893637366515,0.00578553587849264,0.00578553587849264,0.0,0.0,0.005278943760701764,0.005278943760701764,0.5807754456788197,0.5807754456788197
SF_6624_19,0.031388150000000004,,-1553753.5570882962,17571.74757927957,0.031388150000000004,0.0908555,,,0.3213713464123637,0.3213713464123637,0.0007515556475585629,0.0007515556475585629,0.00034888477329089946,0.00034888477329089946,0.0,0.0,0.0008699381801994699,0.0008699381801994699,0.0008240557774396707,0.0008240557774396707,0.0064089202909906155,0.0064089202909906155,0.09046096770316366,0.09046096770316366,0.006004710141608403,0.006004710141608403,0.0,0.0,0.005207054667608268,0.005207054667608268,0.5677525664057766,0.5677525664057766
SF_6623_19,0.047029775,,-1580361.343338557,14641.785154438896,0.047029775,0.13535012500000002,,,0.48108623468259304,0.48108623468259304,0.0011569100410963483,0.0011569100410963483,0.0005350962664241018,0.0005350962664241018,0.0,0.0,0.0006364330809272667,0.0006364330809272667,0.0,0.0,0.1171921225499697,0.1171921225499697,0.10991373337655169,0.10991373337655169,0.011053016047774675,0.011053016047774675,0.0,0.0,0.006133258634471855,0.006133258634471855,0.27229319532019125,0.27229319532019125
SF_6622_19,0.057329075,,-1631127.7477027795,13216.60584091709,0.057329075,0.16189415000000001,,,0.5673093865841825,0.5673093865841825,0.0016072129489634504,0.0016072129489634504,0.0015632478211680314,0.0015632478211680314,0.0,0.0,0.000915681618127998,0.000915681618127998,0.0,0.0,0.2498422190936452,0.2498422190936452,0.11539443578774622,0.11539443578774622,0.012877024825510994,0.012877024825510994,0.0,0.0,0.004808215807453718,0.004808215807453718,0.04568257551320195,0.04568257551320195
SF_6621_19,0.062908125,,-1689236.2048431642,13263.24349936534,0.062908125,0.1672832,,,0.5874452225954012,0.5874452225954012,0.0016760548251669558,0.0016760548251669558,0.000993196895281866,0.000993196895281866,0.0,0.0,0.0014941001284323853,0.0014941001284323853,0.0,0.0,0.29542426456552107,0.29542426456552107,0.09397923101156365,0.09397923101156365,0.01358406869125325,0.01358406869125325,0.0,0.0,0.002810851583165873,0.002810851583165873,0.002593009704213633,0.002593009704213633
SF_6620_19,0.0511387,,-1745905.7199420917,14107.147142637592,0.0511387,0.139549125,,,0.4768117408056035,0.4768117408056035,0.0012363381265333847,0.0012363381265333847,0.0008077282699003792,0.0008077282699003792,0.0,0.0,0.001180297993466143,0.001180297993466143,0.0,0.0,0.2992987894960682,0.2992987894960682,0.061415432057054416,0.061415432057054416,0.011814471823505198,0.011814471823505198,0.0,0.0,0.005908072948313215,0.005908072948313215,0.1415271284795556,0.1415271284795556
SF_6619_19,0.044367425,,-1801986.926175042,15698.685292844351,0.044367425,0.11770810000000001,,,0.3961679721256684,0.3961679721256684,0.00042122959165160625,0.00042122959165160625,0.0005505425508668714,0.0005505425508668714,0.0,0.0,0.0010016462890869706,0.0010016462890869706,0.0,0.0,0.22574222211952233,0.22574222211952233,0.03764544731618609,0.03764544731618609,0.005978224318450838,0.005978224318450838,0.0,0.0,0.0018065580692895955,0.0018065580692895955,0.3306861576192773,0.3306861576192773
SF_6618_19,0.039240775,,-1854929.8917004415,16781.189813516805,0.039240775,0.10612975,,,0.3566301460394756,0.3566301460394756,0.0004012179386909417,0.0004012179386909417,0.0006094717120432256,0.0006094717120432256,0.0,0.0,0.0008559158261228872,0.0008559158261228872,2.1891870312251763e-06,2.1891870312251763e-06,0.1700796636456058,0.1700796636456058,0.02808393066308573,0.02808393066308573,0.005320543202924757,0.005320543202924757,0.0,0.0,0.0004761195172331291,0.0004761195172331291,0.4375408022677867,0.4375408022677867
SF_6617_19,0.035822475,,-1903234.9710932418,17851.444049616948,0.035822475,0.099164975,,,0.3346893313542051,0.3346893313542051,0.0001234747543890459,0.0001234747543890459,0.0005666854840377215,0.0005666854840377215,0.0,0.0,0.0007172148864754529,0.0007172148864754529,0.0,0.0,0.11800366770711172,0.11800366770711172,0.01711546647670458,0.01711546647670458,0.004501604685122749,0.004501604685122749,0.0,0.0,0.0004193804697841253,0.0004193804697841253,0.5238631741821697,0.5238631741821697
SF_6616_19,0.0338071,,-1945769.4239817853,18736.672656901406,0.0338071,0.09578977500000001,,,0.32272133246512325,0.32272133246512325,4.2150166757315626e-05,4.2150166757315626e-05,0.0006607464439226706,0.0006607464439226706,0.0,0.0,0.0006022915652476662,0.0006022915652476662,0.0,0.0,0.07782208530685622,0.07782208530685622,0.009367507865607905,0.009367507865607905,0.0040786715502176135,0.0040786715502176135,0.0,0.0,0.001754512582813626,0.001754512582813626,0.5829507020534537,0.5829507020534537
SF_6615_19,0.033752975,,-1980961.604077737,19289.648663400352,0.033752975,0.0972035,,,0.3297895375973658,0.3297895375973658,4.28893089395983e-05,4.28893089395983e-05,0.000911851789933964,0.000911851789933964,0.0,0.0,0.0,0.0,0.0,0.0,0.04891817325446248,0.04891817325446248,0.004864376017891579,0.004864376017891579,0.0033767969255754093,0.0033767969255754093,0.0,0.0,0.00016021084384826813,0.00016021084384826813,0.611936164261983,0.611936164261983
SF_6614_19,0.0346642,,-2006577.1385655315,19281.588535891686,0.0346642,0.103083925,,,0.3480968910514167,0.3480968910514167,0.00014960204557852385,0.00014960204557852385,0.0009975396205444136,0.0009975396205444136,0.0,0.0,0.0,0.0,0.0,0.0,0.03112648176930927,0.03112648176930927,0.0017284905370175327,0.0017284905370175327,0.0031996795555702764,0.0031996795555702764,0.0,0.0,0.0015603388538393214,0.0015603388538393214,0.613140976566724,0.613140976566724
SF_6613_19,0.03606235,,-2024901.0222253343,19024.82503566726,0.03606235,0.11411809999999999,,,0.38113412570405053,0.38113412570405053,4.2262569418882085e-05,4.2262569418882085e-05,0.0008359831688753006,0.0008359831688753006,0.0,0.0,0.0,0.0,0.0,0.0,0.016589835770629613,0.016589835770629613,0.0012321711938431032,0.0012321711938431032,0.0022021842002940576,0.0022021842002940576,0.0006743895415411371,0.0006743895415411371,0.0017120972368369028,0.0017120972368369028,0.5955769506145105,0.5955769506145105
SF_6612_19,0.0422446,,-2033925.1454426928,18193.75494214874,0.0422446,0.1318526,,,0.4406514546458429,0.4406514546458429,0.00014059317792227557,0.00014059317792227557,0.001044359216263113,0.001044359216263113,0.0,0.0,0.0,0.0,0.0013494730555953978,0.0013494730555953978,0.007988782764598907,0.007988782764598907,0.0011350895643071697,0.0011350895643071697,0.001540549930528333,0.001540549930528333,0.0008606187434391867,0.0008606187434391867,0.0006000114464036697,0.0006000114464036697,0.544689067455099,0.544689067455099
SF_6611_19,0.053495975,,-2033934.5217697518,16857.18770848303,0.053495975,0.16496450000000001,,,0.5441602534493514,0.5441602534493514,0.0014281733281909937,0.0014281733281909937,0.0004212880115795458,0.0004212880115795458,0.0012785258892975449,0.0012785258892975449,0.0013273261208889683,0.0013273261208889683,0.0009419774100391535,0.0009419774100391535,0.003725976234736179,0.003725976234736179,0.0064616098824282365,0.0064616098824282365,0.0009032737389504839,0.0009032737389504839,0.0008087723573787926,0.0008087723573787926,0.0005754355082276919,0.0005754355082276919,0.437967388068931,0.437967388068931
SF_6610_19,0.069298,,-2026545.6772543462,15195.794432852992,0.069298,0.21186405000000003,,,0.7108354764807973,0.7108354764807973,0.00029250290037675453,0.00029250290037675453,0.0007378818775251753,0.0007378818775251753,0.0,0.0,0.0,0.0,0.0019005638288976682,0.0019005638288976682,0.0020507650106473363,0.0020507650106473363,0.01951222519919255,0.01951222519919255,0.000866549069334928,0.000866549069334928,0.0,0.0,0.003071718449259837,0.003071718449259837,0.26073231718396855,0.26073231718396855
SF_6609_19,0.085183975,,-2013335.315807172,14322.158929611054,0.085183975,0.25981744999999995,,,0.8646623359144581,0.8646623359144581,0.00022885888341220967,0.00022885888341220967,0.001648489196972915,0.001648489196972915,0.0,0.0,0.0,0.0,0.0021105658845408095,0.0021105658845408095,0.002079269771047829,0.002079269771047829,0.047053273252903385,0.047053273252903385,0.00576597053816853,0.00576597053816853,0.00123194239886351,0.00123194239886351,0.003750115142425637,0.003750115142425637,0.07146917901720708,0.07146917901720708
SF_6608_19,0.09202054999999999,,-1995514.5150281447,14600.896874588087,0.09202054999999999,0.274579975,,,0.8898656762208423,0.8898656762208423,0.0004950360984898094,0.0004950360984898094,0.0010678321916003845,0.0010678321916003845,0.0004887262590324145,0.0004887262590324145,0.0,0.0,0.0,0.0,0.0047519274874734,0.0047519274874734,0.0830752220060576,0.0830752220060576,0.011505916640422161,0.011505916640422161,0.0016658630789580246,0.0016658630789580246,0.0031060921181639985,0.0031060921181639985,0.003977707898959905,0.003977707898959905
SF_6607_19,0.08125995,,-1973434.7686970318,16783.08975497834,0.08125995,0.2294053,,,0.7066446392108293,0.7066446392108293,0.0013317170727625064,0.0013317170727625064,0.0010662014972266857,0.0010662014972266857,0.0005044695490256786,0.0005044695490256786,0.0,0.0,0.0,0.0,0.007767796284633238,0.007767796284633238,0.0983197159518501,0.0983197159518501,0.01975657213592679,0.01975657213592679,0.0012403941773425986,0.0012403941773425986,0.0031761354069359715,0.0031761354069359715,0.16019235871346713,0.16019235871346713
SF_6606_19,0.06269702499999999,,-1946810.993289924,20938.328256079123,0.06269702499999999,0.167553,,,0.4700432708298466,0.4700432708298466,0.0,0.0,0.0012433889195065822,0.0012433889195065822,0.00016514582953620788,0.00016514582953620788,0.0007333462690317312,0.0007333462690317312,0.0,0.0,0.007783641922625208,0.007783641922625208,0.09174790326468882,0.09174790326468882,0.024603959306562603,0.024603959306562603,0.00020199422361572177,0.00020199422361572177,0.002130066418737438,0.002130066418737438,0.4013472830158491,0.4013472830158491
SF_6605_19,0.046816425,,-1919988.6075326754,26607.933197736875,0.046816425,0.12319530000000001,,,0.30901769279512864,0.30901769279512864,0.0007491688531166116,0.0007491688531166116,0.0003654188553632896,0.0003654188553632896,0.00010214797182777735,0.00010214797182777735,0.002001510709245562,0.002001510709245562,0.0,0.0,0.008062151531244063,0.008062151531244063,0.07170973682420191,0.07170973682420191,0.025800827698553186,0.025800827698553186,0.0007673524265210276,0.0007673524265210276,0.0017795623389040768,0.0017795623389040768,0.5796444299958938,0.5796444299958938
SF_6604_19,0.030596275,,-1878303.8044295108,41256.689374117836,0.030596275,0.0765119,,,0.13763890646023735,0.13763890646023735,0.0,0.0,0.00026523513620079734,0.00026523513620079734,4.439226836093349e-05,4.439226836093349e-05,0.0006135430947609249,0.0006135430947609249,0.0,0.0,0.0038635888422380834,0.0038635888422380834,0.019094132814441573,0.019094132814441573,0.02028469693156705,0.02028469693156705,0.0,0.0,0.00036421449348612986,0.00036421449348612986,0.8178312899587071,0.8178312899587071
SF_6581_19,0.04010615,,-1849533.9872836028,33085.21936696347,0.04010615,0.10366154999999999,,,0.24598942317716999,0.24598942317716999,0.0,0.0,0.00048039559794574527,0.00048039559794574527,8.203921038613838e-05,8.203921038613838e-05,0.0010107529216811784,0.0010107529216811784,0.0,0.0,0.009140366352762877,0.009140366352762877,0.04503129957016085,0.04503129957016085,0.07576571478667063,0.07576571478667063,0.0,0.0,0.0033746970206354017,0.0033746970206354017,0.6191253113625871,0.6191253113625871
SF_6580_19,0.030411875,,-1842146.6270322937,38638.17818887987,0.030411875,0.0802551,,,0.17916474038276362,0.17916474038276362,0.0007679638270208917,0.0007679638270208917,0.00039221263755392346,0.00039221263755392346,5.178075707833869e-05,5.178075707833869e-05,0.0007889271468969496,0.0007889271468969496,0.0,0.0,0.007693375216921414,0.007693375216921414,0.021867560688768297,0.021867560688768297,0.04800044616289958,0.04800044616289958,0.0,0.0,0.00034299546185396373,0.00034299546185396373,0.7409299977182432,0.7409299977182432
SF_6579_19,0.0268305,,-1823424.5641162535,42907.941888519104,0.0268305,0.07085277499999999,,,0.1495735287829615,0.1495735287829615,0.0005772809985850496,0.0005772809985850496,0.00027754755017266774,0.00027754755017266774,0.0001304380611268894,0.0001304380611268894,0.0008708579913180793,0.0008708579913180793,0.0,0.0,0.0070774255436266385,0.0070774255436266385,0.014333451369124436,0.014333451369124436,0.04109849294699279,0.04109849294699279,0.0,0.0,0.00030196409292310183,0.00030196409292310183,0.7857590126631687,0.7857590126631687
SF_6578_19,0.025085474999999996,,-1800367.6608408191,46571.077287732696,0.025085474999999996,0.065765275,,,0.12802669088538832,0.12802669088538832,0.0006011011041527334,0.0006011011041527334,0.0,0.0,0.0001596961315100421,0.0001596961315100421,0.0007405583859501986,0.0007405583859501986,0.0,0.0,0.00679042026834205,0.00679042026834205,0.010846550685162642,0.010846550685162642,0.04062286999555451,0.04062286999555451,0.0,0.0,0.00027510236578699146,0.00027510236578699146,0.8119370101781526,0.8119370101781526
SF_6577_19,0.0223468,,-1766701.6002237867,50225.563651271164,0.0223468,0.0589852,,,0.11308080776827997,0.11308080776827997,9.899024501049411e-05,9.899024501049411e-05,0.0,0.0,9.84612600921953e-05,9.84612600921953e-05,0.0006660027899232382,0.0006660027899232382,0.0,0.0,0.005986618353274778,0.005986618353274778,0.006726799798848267,0.006726799798848267,0.03617320661960219,0.03617320661960219,0.0001363167108425949,0.0001363167108425949,0.00032037554830435615,0.00032037554830435615,0.8367124209058219,0.8367124209058219
SF_6576_19,0.020991825,,-1727163.3656669392,53182.30373368715,0.020991825,0.055843525000000005,,,0.10347677469516732,0.10347677469516732,8.921704213662619e-05,8.921704213662619e-05,0.00019761166406349152,0.00019761166406349152,9.179753289713652e-05,9.179753289713652e-05,0.0006002318898937322,0.0006002318898937322,0.0,0.0,0.00512776131468274,0.00512776131468274,0.00344894127140981,0.00344894127140981,0.03362001133871995,0.03362001133871995,0.00013746459621088273,0.00013746459621088273,0.00032867039222473634,0.00032867039222473634,0.8528815182625935,0.8528815182625935
SF_6575_19,0.0194576,,-1679657.136291234,56494.20116449776,0.0194576,0.051141725,,,0.09036182905870395,0.09036182905870395,7.129469099426941e-05,7.129469099426941e-05,0.00017249604145275492,0.00017249604145275492,0.00010870624636483061,0.00010870624636483061,0.0005980483871767872,0.0005980483871767872,0.0,0.0,0.004643731029002449,0.004643731029002449,0.001283486046519732,0.001283486046519732,0.030274053730530617,0.030274053730530617,0.00020114954461769607,0.00020114954461769607,0.0003354138319115797,0.0003354138319115797,0.8719497913927253,0.8719497913927253
SF_6574_19,0.016925925,,-1626643.749327022,59783.59476455826,0.016925925,0.048075175,,,0.07927791002435611,0.07927791002435611,7.625959207840935e-05,7.625959207840935e-05,0.0,0.0,0.00010392055058983907,0.00010392055058983907,0.00047881083555321747,0.00047881083555321747,0.0,0.0,0.0038791606356937324,0.0038791606356937324,0.0003829878273734095,0.0003829878273734095,0.027083131301107417,0.027083131301107417,0.0,0.0,0.00023826656393569282,0.00023826656393569282,0.8884795526693122,0.8884795526693122
SF_6573_19,0.016099250000000002,,-1569134.109835541,61353.04933389772,0.016099250000000002,0.045753275,,,0.07343622591628671,0.07343622591628671,0.000437000967066517,0.000437000967066517,0.0,0.0,0.000105584836543088,0.000105584836543088,7.599570435079482e-05,7.599570435079482e-05,0.0,0.0,0.0035790054199347195,0.0035790054199347195,0.0005023118164955149,0.0005023118164955149,0.026116105751067997,0.026116105751067997,0.0,0.0,0.0,0.0,0.8957477695882547,0.8957477695882547
SF_6572_19,0.016089449999999998,,-1508539.2840466625,62648.74463437451,0.016089449999999998,0.043643875,,,0.06443553662318662,0.06443553662318662,0.00012246708165087797,0.00012246708165087797,0.0,0.0,2.9363132769747253e-05,2.9363132769747253e-05,0.0003391426120670015,0.0003391426120670015,0.0,0.0,0.0033148856753261475,0.0033148856753261475,0.001380181045404888,0.001380181045404888,0.026068950449488926,0.026068950449488926,7.932322922608074e-05,7.932322922608074e-05,0.00019955705820706092,0.00019955705820706092,0.9040305930926728,0.9040305930926728
SF_6571_19,0.0143156,,-1447323.0074219874,64058.42283899541,0.0143156,0.0393325,,,0.058028802228630244,0.058028802228630244,0.00048505442710542504,0.00048505442710542504,0.0002143108087037081,0.0002143108087037081,4.36485005162566e-05,4.36485005162566e-05,8.723639865082583e-05,8.723639865082583e-05,0.0,0.0,0.0033689021846913395,0.0033689021846913395,0.0021742685182117322,0.0021742685182117322,0.02409713889494563,0.02409713889494563,0.0,0.0,0.00015887162924800203,0.00015887162924800203,0.9113417664092969,0.9113417664092969
SF_6570_19,0.01250645,,-1382855.9754790247,65929.11757372785,0.01250645,0.035064149999999995,,,0.0497366912865879,0.0497366912865879,0.0004324130523405029,0.0004324130523405029,0.00016070199666003303,0.00016070199666003303,2.8027981737003203e-05,2.8027981737003203e-05,0.00028120146977595096,0.00028120146977595096,0.0,0.0,0.0031109730491289613,0.0031109730491289613,0.003596585148190249,0.003596585148190249,0.02249646757639908,0.02249646757639908,0.0001863682585306489,0.0001863682585306489,0.00016640951450501413,0.00016640951450501413,0.9198041606661446,0.9198041606661446
SF_6569_19,0.011890425,,-1326487.7153431305,66882.67380815104,0.011890425,0.033057724999999996,,,0.04396706932743178,0.04396706932743178,0.00035507631079640187,0.00035507631079640187,6.22198960962097e-05,6.22198960962097e-05,2.9111886867273125e-05,2.9111886867273125e-05,0.00028822009911083315,0.00028822009911083315,0.0,0.0,0.0028713489836379273,0.0028713489836379273,0.004363708908739161,0.004363708908739161,0.021869458795198405,0.021869458795198405,0.00022794258889061771,0.00022794258889061771,0.0001586975359931113,0.0001586975359931113,0.9258071456672384,0.9258071456672384
SF_6568_19,0.011890749999999999,,-1279489.3978661862,66966.32112014639,0.011890749999999999,0.0327724,,,0.04180297904154138,0.04180297904154138,0.000413810961128616,0.000413810961128616,0.00022885736209859181,0.00022885736209859181,3.44550867511564e-05,3.44550867511564e-05,0.00030288566464086396,0.00030288566464086396,0.0,0.0,0.002776400635235404,0.002776400635235404,0.0038856560737795774,0.0038856560737795774,0.021822264358795716,0.021822264358795716,0.0002885577093226896,0.0002885577093226896,0.00015883446902233803,0.00015883446902233803,0.9282852986376835,0.9282852986376835
SF_6567_19,0.012768050000000001,,-1228512.3143803324,66168.12920580553,0.012768050000000001,0.034034299999999996,,,0.04082219520609881,0.04082219520609881,0.0006223882621333804,0.0006223882621333804,0.0003309258209025811,0.0003309258209025811,1.7155998476660535e-05,1.7155998476660535e-05,0.0002089812426530055,0.0002089812426530055,0.00027656071278797667,0.00027656071278797667,0.0029003382210274183,0.0029003382210274183,0.0017559764705832454,0.0017559764705832454,0.025433702492999956,0.025433702492999956,0.000511049944295005,0.000511049944295005,7.457338708923407e-05,7.457338708923407e-05,0.9270461522409525,0.9270461522409525
SF_6566_19,0.013584424999999999,,-1171750.5329657563,62029.13038474896,0.013584424999999999,0.041733875000000004,,,0.0521846660102208,0.0521846660102208,7.817129985191704e-05,7.817129985191704e-05,2.5995094651890137e-05,2.5995094651890137e-05,1.249559419069088e-08,1.249559419069088e-08,0.00036293827451257493,0.00036293827451257493,6.68645146575253e-06,6.68645146575253e-06,0.0035746264354052787,0.0035746264354052787,0.0007982214089623349,0.0007982214089623349,0.03382817724096114,0.03382817724096114,0.0007688015737767797,0.0007688015737767797,0.0001572642030345126,0.0001572642030345126,0.9082144395115628,0.9082144395115628
SF_6709_19,0.00921485,,-1140328.1105017047,73681.86316306907,0.00921485,0.025993875,,,0.028235777302747032,0.028235777302747032,0.0,0.0,0.00012263249215313895,0.00012263249215313895,0.0,0.0,0.00019931676501364992,0.00019931676501364992,7.983871219863989e-07,7.983871219863989e-07,0.002615983073171583,0.002615983073171583,0.001573967890911281,0.001573967890911281,0.027554315749407164,0.027554315749407164,0.0004933218713811396,0.0004933218713811396,1.7929378056490726e-05,1.7929378056490726e-05,0.9391859570900366,0.9391859570900366
SF_6708_19,0.0070639000000000006,,-1130195.3501470555,80733.82298592794,0.0070639000000000006,0.019833525,,,0.02283434105272679,0.02283434105272679,0.0,0.0,2.919066547808956e-05,2.919066547808956e-05,0.0,0.0,2.6473293707752518e-05,2.6473293707752518e-05,1.1905528462840488e-07,1.1905528462840488e-07,0.002235438662256614,0.002235438662256614,0.0033146789639555176,0.0033146789639555176,0.021323195075256755,0.021323195075256755,0.0005312602506645925,0.0005312602506645925,0.0,0.0,0.9497053029806694,0.9497053029806694
SF_6707_19,0.0067409,,-1132674.9789125333,84686.38427336169,0.0067409,0.018631850000000002,,,0.01948215283197019,0.01948215283197019,0.0,0.0,2.9440399116139602e-05,2.9440399116139602e-05,0.0,0.0,4.352965069678043e-05,4.352965069678043e-05,2.470375224389498e-06,2.470375224389498e-06,0.0021126058576844972,0.0021126058576844972,0.003043185088597811,0.003043185088597811,0.02016956435609086,0.02016956435609086,0.0006586157220730231,0.0006586157220730231,3.7676481091294016e-05,3.7676481091294016e-05,0.954420759237455,0.954420759237455
SF_6706_19,0.00675985,,-1136579.052415476,87740.5596377783,0.00675985,0.018159349999999998,,,0.01895964558261747,0.01895964558261747,2.1143717951247197e-05,2.1143717951247197e-05,2.9785006284552906e-05,2.9785006284552906e-05,1.1541545006823663e-05,1.1541545006823663e-05,9.413914606139498e-05,9.413914606139498e-05,2.264234586596832e-06,2.264234586596832e-06,0.0017481409944644128,0.0017481409944644128,0.0028609107651844552,0.0028609107651844552,0.019585538787799586,0.019585538787799586,0.0006051514867618239,0.0006051514867618239,0.00013508322480289942,0.00013508322480289942,0.9559466555084788,0.9559466555084788
SF_6705_19,0.0069294249999999995,,-1138094.421653857,90097.54324428446,0.0069294249999999995,0.018420525,,,0.018528095016271843,0.018528095016271843,2.6693025980234264e-05,2.6693025980234264e-05,2.6333260249057365e-05,2.6333260249057365e-05,1.4495818620603136e-05,1.4495818620603136e-05,8.990651684542795e-05,8.990651684542795e-05,8.601213881743105e-07,8.601213881743105e-07,0.0018334091222587637,0.0018334091222587637,0.0027947591111491025,0.0027947591111491025,0.01933862069125287,0.01933862069125287,0.0006877504184068111,0.0006877504184068111,0.0002556156210183825,0.0002556156210183825,0.9564034612765587,0.9564034612765587
SF_6704_19,0.006943325,,-1140570.6648552252,91768.64807106026,0.006943325,0.018174950000000002,,,0.01804513334926709,0.01804513334926709,2.6375301476652318e-05,2.6375301476652318e-05,2.5080295634871845e-05,2.5080295634871845e-05,1.3406426208201587e-05,1.3406426208201587e-05,9.118889880846182e-05,9.118889880846182e-05,1.12077261579455e-06,1.12077261579455e-06,0.001777624962012665,0.001777624962012665,0.0032513344782757417,0.0032513344782757417,0.018893587115987626,0.018893587115987626,0.0007441407370337931,0.0007441407370337931,0.0003373934957801105,0.0003373934957801105,0.9567936141668991,0.9567936141668991
SF_6703_19,0.0069085249999999996,,-1143176.3202093006,92825.46672118948,0.0069085249999999996,0.017834825000000002,,,0.017771066557296558,0.017771066557296558,2.485715028452281e-05,2.485715028452281e-05,2.4568411680437366e-05,2.4568411680437366e-05,1.238840586059066e-05,1.238840586059066e-05,9.147684438362747e-05,9.147684438362747e-05,2.411922194315986e-07,2.411922194315986e-07,0.001752602095903652,0.001752602095903652,0.003615825536707616,0.003615825536707616,0.018506810370545006,0.018506810370545006,0.0007507855618560329,0.0007507855618560329,0.0004075483661415093,0.0004075483661415093,0.9570418295071209,0.9570418295071209
SF_6702_19,0.006857775,,-1144528.7242681917,93200.22214131606,0.006857775,0.017679675000000002,,,0.017647343610761076,0.017647343610761076,2.4725563894161625e-05,2.4725563894161625e-05,2.4185352606669143e-05,2.4185352606669143e-05,1.2016722697173154e-05,1.2016722697173154e-05,9.114694907547783e-05,9.114694907547783e-05,2.7425023479730747e-07,2.7425023479730747e-07,0.0017431985649642013,0.0017431985649642013,0.0036641147414761756,0.0036641147414761756,0.018235222602600458,0.018235222602600458,0.0007627663711457003,0.0007627663711457003,0.00043529273750451914,0.00043529273750451914,0.9573597125330396,0.9573597125330396
SF_6701_19,0.006868824999999999,,-1144579.9384510582,92667.67843808055,0.006868824999999999,0.01770805,,,0.017651407185089417,0.017651407185089417,2.719178956252287e-05,2.719178956252287e-05,2.4280474318274715e-05,2.4280474318274715e-05,1.2837750981611318e-05,1.2837750981611318e-05,8.975156620350417e-05,8.975156620350417e-05,1.372692113004767e-06,1.372692113004767e-06,0.001774598201703045,0.001774598201703045,0.0034861583481051476,0.0034861583481051476,0.018478452857350447,0.018478452857350447,0.0007469817825223506,0.0007469817825223506,0.0003678728230713383,0.0003678728230713383,0.9573390945289794,0.9573390945289794
SF_6700_19,0.006899475,,-1144258.494032008,91223.6858043805,0.006899475,0.017881300000000003,,,0.018030139421152974,0.018030139421152974,2.7177769269071913e-05,2.7177769269071913e-05,2.444598222100018e-05,2.444598222100018e-05,9.22189889996094e-06,9.22189889996094e-06,0.00011228051830678274,0.00011228051830678274,1.2138681909463177e-06,1.2138681909463177e-06,0.0016562015274685987,0.0016562015274685987,0.003258074631635551,0.003258074631635551,0.01830010771513187,0.01830010771513187,0.00070905315619961,0.00070905315619961,0.00037149673209762186,0.00037149673209762186,0.9575005867794261,0.9575005867794261
SF_6699_19,0.0067871500000000005,,-1145245.777419906,88820.78427286044,0.0067871500000000005,0.017958099999999998,,,0.01826520790798055,0.01826520790798055,2.048502422918357e-05,2.048502422918357e-05,2.572584187284001e-05,2.572584187284001e-05,1.7865034419892496e-06,1.7865034419892496e-06,0.00012894255468799478,0.00012894255468799478,1.2727794978269076e-06,1.2727794978269076e-06,0.0021358170477912995,0.0021358170477912995,0.0030257183027530415,0.0030257183027530415,0.01904051169434239,0.01904051169434239,0.0007028508911177485,0.0007028508911177485,0.00017850744917340708,0.00017850744917340708,0.9564731740031117,0.9564731740031117
SF_6698_19,0.006518875,,-1147408.9350991503,86154.33985962195,0.006518875,0.01787095,,,0.01838176268829947,0.01838176268829947,1.9345756312652776e-05,1.9345756312652776e-05,2.8039065889946958e-05,2.8039065889946958e-05,8.373189076254988e-06,8.373189076254988e-06,8.952450286159785e-05,8.952450286159785e-05,3.33939612679787e-06,3.33939612679787e-06,0.0021148181633727486,0.0021148181633727486,0.0036959310765382414,0.0036959310765382414,0.018976854204757886,0.018976854204757886,0.0005670570280435932,0.0005670570280435932,0.00012960616002329598,0.00012960616002329598,0.9559853487686975,0.9559853487686975
SF_6697_19,0.006595875,,-1145893.0267828084,82842.78440872865,0.006595875,0.01819915,,,0.01913332524519036,0.01913332524519036,0.0,0.0,2.8442684705469985e-05,2.8442684705469985e-05,0.0,0.0,3.874470510196445e-05,3.874470510196445e-05,2.7941337096338215e-06,2.7941337096338215e-06,0.002382919638801783,0.002382919638801783,0.004488484631567016,0.004488484631567016,0.019210533155170594,0.019210533155170594,0.0006024207995984727,0.0006024207995984727,3.819605584971241e-05,3.819605584971241e-05,0.954074138950305,0.954074138950305
SF_6696_19,0.0068606000000000006,,-1144247.6910344772,78797.37918178321,0.0068606000000000006,0.019698825,,,0.022126868400629107,0.022126868400629107,1.0022715220560816e-05,1.0022715220560816e-05,2.2995254136722635e-05,2.2995254136722635e-05,0.0,0.0,0.00011338028241902053,0.00011338028241902053,6.053770349048596e-07,6.053770349048596e-07,0.002548190280138086,0.002548190280138086,0.005498481321052862,0.005498481321052862,0.02031044680407662,0.02031044680407662,0.00040604320810007735,0.00040604320810007735,7.783125779333423e-05,7.783125779333423e-05,0.9488851350993986,0.9488851350993986
SF_6695_19,0.008947749999999999,,-1152584.3096187108,72884.36525540943,0.008947749999999999,0.025831075000000002,,,0.027049608515255914,0.027049608515255914,0.0,0.0,3.1621135428225825e-05,3.1621135428225825e-05,0.0,0.0,0.0001340340498625795,0.0001340340498625795,1.4476191604541369e-06,1.4476191604541369e-06,0.003127917253191367,0.003127917253191367,0.0029207465109799356,0.0029207465109799356,0.026443035007476256,0.026443035007476256,0.000400269818216045,0.000400269818216045,2.1468887194086424e-05,2.1468887194086424e-05,0.9398698512032351,0.9398698512032351
SF_6716_19,0.014694925000000001,,-1205119.4749539164,68020.03251566176,0.014694925000000001,0.039238150000000006,,,0.041539192803388636,0.041539192803388636,0.00021252752012661556,0.00021252752012661556,0.0001303938585874825,0.0001303938585874825,1.257895891186646e-05,1.257895891186646e-05,0.00022018665462103618,0.00022018665462103618,0.0003618454424964677,0.0003618454424964677,0.0029034402612792237,0.0029034402612792237,0.0009087760628826538,0.0009087760628826538,0.02535466844234605,0.02535466844234605,0.0004421434500659913,0.0004421434500659913,0.0,0.0,0.927914246545294,0.927914246545294
SF_6717_19,0.011598,,-1265565.2784298789,71270.2681882198,0.011598,0.03293765,,,0.035528229956430006,0.035528229956430006,0.00012354186531508813,0.00012354186531508813,5.8466679331439455e-05,5.8466679331439455e-05,5.727486165383465e-06,5.727486165383465e-06,0.0002669196111674706,0.0002669196111674706,2.3215077198029264e-05,2.3215077198029264e-05,0.0031978603132508197,0.0031978603132508197,0.00038446273663186414,0.00038446273663186414,0.02213690577317324,0.02213690577317324,0.0002404667884086133,0.0002404667884086133,0.00013028443489423726,0.00013028443489423726,0.9379039192780338,0.9379039192780338
SF_6718_19,0.010947075,,-1322415.4037488352,71430.13794757989,0.010947075,0.030497775000000005,,,0.03773037007036121,0.03773037007036121,0.0003298856050300545,0.0003298856050300545,0.00014206148000822573,0.00014206148000822573,5.09486960941708e-06,5.09486960941708e-06,0.00020715408204256358,0.00020715408204256358,1.786019754580053e-05,1.786019754580053e-05,0.003371735106956956,0.003371735106956956,0.0003823902534644363,0.0003823902534644363,0.01892118769273391,0.01892118769273391,0.0002271904082382351,0.0002271904082382351,0.0002871850661186888,0.0002871850661186888,0.9383778851678904,0.9383778851678904
SF_6719_19,0.010671775,,-1373010.1841702885,72112.7612581408,0.010671775,0.029976125,,,0.03996526122130543,0.03996526122130543,0.0003065178136154086,0.0003065178136154086,0.0001673594235643074,0.0001673594235643074,0.0,0.0,1.663725338475373e-05,1.663725338475373e-05,1.939425809866552e-05,1.939425809866552e-05,0.003632032265467114,0.003632032265467114,0.0003693258075610458,0.0003693258075610458,0.01852645844897067,0.01852645844897067,7.287452296905397e-05,7.287452296905397e-05,0.0005112055543438663,0.0005112055543438663,0.9364129334307197,0.9364129334307197
SF_6720_19,0.010951225,,-1433595.1234068875,72453.39196043545,0.010951225,0.030499975,,,0.041740825596710204,0.041740825596710204,0.0003039889770284771,0.0003039889770284771,0.00010002817961783827,0.00010002817961783827,0.0,0.0,0.0,0.0,4.196606256214201e-05,4.196606256214201e-05,0.0036510305914375816,0.0036510305914375816,0.00022433107655991415,0.00022433107655991415,0.018175255493879078,0.018175255493879078,0.0,0.0,0.00027232097214023804,0.00027232097214023804,0.9354902530500645,0.9354902530500645
SF_6721_19,0.011153825000000001,,-1504218.5312596327,72848.45916389732,0.011153825000000001,0.03184535,,,0.045114052886270406,0.045114052886270406,0.00033410334893790264,0.00033410334893790264,8.580378684430024e-05,8.580378684430024e-05,1.134973517804712e-05,1.134973517804712e-05,0.00016144992175963293,0.00016144992175963293,0.0,0.0,0.003764699856301148,0.003764699856301148,0.0002282953700960139,0.0002282953700960139,0.01781362119940233,0.01781362119940233,0.0,0.0,0.0002485986507535147,0.0002485986507535147,0.9322380252444568,0.9322380252444568
SF_6722_19,0.012029350000000001,,-1573758.2298432935,72852.65906653194,0.012029350000000001,0.033297975,,,0.04775256917135046,0.04775256917135046,0.0,0.0,0.0,0.0,1.355509669638857e-05,1.355509669638857e-05,0.00016797485019020468,0.00016797485019020468,0.0,0.0,0.0038030383474662493,0.0038030383474662493,0.00017728063613290686,0.00017728063613290686,0.01762781995518813,0.01762781995518813,0.0,0.0,4.5675084816171467e-05,4.5675084816171467e-05,0.9304120868581596,0.9304120868581596
SF_6723_19,0.012561450000000002,,-1641668.6376921146,72120.42194844983,0.012561450000000002,0.034406925,,,0.05052177177610366,0.05052177177610366,0.0,0.0,0.0,0.0,1.794632671039987e-05,1.794632671039987e-05,0.0001838555259218613,0.0001838555259218613,0.0,0.0,0.004089986842428695,0.004089986842428695,0.0002145167659400942,0.0002145167659400942,0.01700796463250465,0.01700796463250465,0.0,0.0,4.830234188008034e-05,4.830234188008034e-05,0.9279156557885107,0.9279156557885107
SF_6724_19,0.013023425,,-1705823.8290049168,70602.52649500557,0.013023425,0.0351965,,,0.055947927673685456,0.055947927673685456,0.0,0.0,0.0,0.0,9.216581575146204e-05,9.216581575146204e-05,0.0002912989270276779,0.0002912989270276779,0.0,0.0,0.00446839714757383,0.00446839714757383,0.0005228828904850154,0.0005228828904850154,0.01709710337508637,0.01709710337508637,0.0,0.0,4.8981832675665524e-05,4.8981832675665524e-05,0.9215312423377146,0.9215312423377146
SF_6725_19,0.013587249999999999,,-1762134.8700519903,66979.21140603686,0.013587249999999999,0.036953625000000004,,,0.06288685539288905,0.06288685539288905,3.269362728125507e-05,3.269362728125507e-05,0.0,0.0,7.977594948184945e-05,7.977594948184945e-05,0.00041075467086987917,0.00041075467086987917,0.0,0.0,0.005209547547365877,0.005209547547365877,0.0019596508323852747,0.0019596508323852747,0.017749282608028796,0.017749282608028796,3.0108549308400626e-05,3.0108549308400626e-05,0.00014223185838020393,0.00014223185838020393,0.9114990989640095,0.9114990989640095
SF_6726_19,0.014423775,,-1811810.177448677,62875.88167746161,0.014423775,0.037834325,,,0.07182938171098519,0.07182938171098519,0.0,0.0,0.0,0.0,7.536955888359556e-05,7.536955888359556e-05,0.00045405030943374567,0.00045405030943374567,0.0,0.0,0.006301391842555104,0.006301391842555104,0.004799303898365324,0.004799303898365324,0.0188143887122567,0.0188143887122567,4.091774045710486e-05,4.091774045710486e-05,0.00014618666995672437,0.00014618666995672437,0.8975390095571064,0.8975390095571064
SF_6727_19,0.014803400000000001,,-1854467.8472620165,59796.868559197625,0.014803400000000001,0.0386508,,,0.07692220755078996,0.07692220755078996,0.0,0.0,0.0,0.0,3.326396816709893e-05,3.326396816709893e-05,0.000379081712737861,0.000379081712737861,0.0,0.0,0.0074608537471459735,0.0074608537471459735,0.007778720360646169,0.007778720360646169,0.018849660202380183,0.018849660202380183,3.4299746789823954e-05,3.4299746789823954e-05,0.00014831554530790993,0.00014831554530790993,0.888393597166035,0.888393597166035
SF_6728_19,0.0159294,,-1895294.932807583,56443.082591048726,0.0159294,0.040812625000000005,,,0.08125348781605243,0.08125348781605243,4.2511540377748225e-05,4.2511540377748225e-05,0.0,0.0,3.766617752112878e-05,3.766617752112878e-05,0.0003757392500338755,0.0003757392500338755,0.0,0.0,0.008605118783576785,0.008605118783576785,0.010395163952283742,0.010395163952283742,0.020619930762596817,0.020619930762596817,3.298709661240517e-05,3.298709661240517e-05,0.00014555519386153429,0.00014555519386153429,0.8784918394270835,0.8784918394270835
SF_6729_19,0.01777385,,-1931515.5913410808,51901.12879290127,0.01777385,0.0452488,,,0.09420376304809934,0.09420376304809934,0.0,0.0,0.0,0.0,5.166183765060065e-05,5.166183765060065e-05,0.00031075618098493253,0.00031075618098493253,0.0,0.0,0.00942660353409715,0.00942660353409715,0.011469390252220886,0.011469390252220886,0.02231273469084169,0.02231273469084169,0.0,0.0,6.468095029092275e-05,6.468095029092275e-05,0.8621604095058145,0.8621604095058145
SF_6730_19,0.020430749999999998,,-1958080.5779262453,46500.72830884539,0.020430749999999998,0.050785525,,,0.11379765015211464,0.11379765015211464,0.0,0.0,0.0,0.0,5.676927775823848e-05,5.676927775823848e-05,0.00035348319413829277,0.00035348319413829277,0.0,0.0,0.01064376921014946,0.01064376921014946,0.013005303150427429,0.013005303150427429,0.025306346241221862,0.025306346241221862,0.0,0.0,8.293982487747007e-05,8.293982487747007e-05,0.8367537389493126,0.8367537389493126
SF_6731_19,0.0226921,,-1971961.468698415,41153.37632018069,0.0226921,0.0586623,,,0.1467973852779859,0.1467973852779859,0.0004305268305489364,0.0004305268305489364,0.0,0.0,6.950134270395997e-05,6.950134270395997e-05,0.00046031290440419937,0.00046031290440419937,0.0,0.0,0.01240961947358514,0.01240961947358514,0.01674176784699389,0.01674176784699389,0.03274125107286224,0.03274125107286224,0.0,0.0,0.0013254633888314816,0.0013254633888314816,0.7890241718620843,0.7890241718620843
SF_6691_19,0.018916525,,-2010772.529587371,47646.36320887161,0.018916525,0.050211,,,0.09991259882192392,0.09991259882192392,0.0005577081545330039,0.0005577081545330039,9.822718136028416e-05,9.822718136028416e-05,4.778405948830643e-05,4.778405948830643e-05,0.000395786587869711,0.000395786587869711,0.0,0.0,0.007257775782123086,0.007257775782123086,0.007452516455945113,0.007452516455945113,0.008493779819527533,0.008493779819527533,0.0,0.0,0.0002297531859580951,0.0002297531859580951,0.8755540699512709,0.8755540699512709
SF_6690_19,0.026203050000000002,,-2058934.206163248,33630.51224246269,0.026203050000000002,0.06902849999999999,,,0.1830929858370579,0.1830929858370579,0.0,0.0,0.00015078575501809014,0.00015078575501809014,0.00028575196683650983,0.00028575196683650983,0.0,0.0,0.0,0.0,0.010981664653067704,0.010981664653067704,0.023149758459025817,0.023149758459025817,0.007698594863521913,0.007698594863521913,0.0004994923997501187,0.0004994923997501187,0.0,0.0,0.7741409660657219,0.7741409660657219
SF_6689_19,0.033214074999999996,,-2086908.691546041,27462.398722441678,0.033214074999999996,0.0874302,,,0.2609145729150596,0.2609145729150596,0.0,0.0,0.00022887264629100457,0.00022887264629100457,0.00021996761415831674,0.00021996761415831674,0.0,0.0,0.0,0.0,0.01250750186623801,0.01250750186623801,0.031631803591309085,0.031631803591309085,0.0056099445769050935,0.0056099445769050935,0.000714126785710711,0.000714126785710711,0.00023829233033105908,0.00023829233033105908,0.6879349176739973,0.6879349176739973
SF_6688_19,0.042255375,,-2111402.70678523,21977.838165794885,0.042255375,0.1159725,,,0.38925289247623585,0.38925289247623585,0.0,0.0,0.00048636139048219545,0.00048636139048219545,0.00016872805968491536,0.00016872805968491536,2.4679857174111858e-08,2.4679857174111858e-08,0.0,0.0,0.012276503638245617,0.012276503638245617,0.037071078622093245,0.037071078622093245,0.003935122247135632,0.003935122247135632,0.0009486991257832777,0.0009486991257832777,0.0007003682384316499,0.0007003682384316499,0.5551602215220505,0.5551602215220505
SF_6687_19,0.0537855,,-2130101.60627431,17871.341973450435,0.0537855,0.1533612,,,0.5576788560040762,0.5576788560040762,1.5117328710804955e-05,1.5117328710804955e-05,0.0007503813126675451,0.0007503813126675451,0.0005073345451194607,0.0005073345451194607,0.0005243256273802609,0.0005243256273802609,0.0,0.0,0.012306787416555585,0.012306787416555585,0.040772007275991895,0.040772007275991895,0.0024520222621730466,0.0024520222621730466,0.0005847506052793725,0.0005847506052793725,0.000878870730061752,0.000878870730061752,0.3835295468919842,0.3835295468919842
SF_6686_19,0.0669679,,-2142539.8832103806,14883.76606580297,0.0669679,0.1973629,,,0.7436597110551986,0.7436597110551986,0.0006137558939798032,0.0006137558939798032,0.0010147845196209445,0.0010147845196209445,0.0007329932766033271,0.0007329932766033271,0.0012108617673249492,0.0012108617673249492,0.0,0.0,0.008256861968724294,0.008256861968724294,0.03864771107767902,0.03864771107767902,0.001319589744049056,0.001319589744049056,0.0006881864786030384,0.0006881864786030384,0.002851866142521897,0.002851866142521897,0.20100367807569514,0.20100367807569514
SF_6685_19,0.07750175000000001,,-2148652.755475525,12946.449850271849,0.07750175000000001,0.23649260000000003,,,0.9124926806450318,0.9124926806450318,0.0015488784601500835,0.0015488784601500835,0.000983227530504939,0.000983227530504939,0.0008377728401977313,0.0008377728401977313,0.0019348747139190407,0.0019348747139190407,0.0,0.0,0.003527172676527009,0.003527172676527009,0.02514507720026742,0.02514507720026742,0.0009929354404052677,0.0009929354404052677,0.0005454687177187945,0.0005454687177187945,0.0009410720984803417,0.0009410720984803417,0.05105083967679761,0.05105083967679761
SF_6684_19,0.08210490000000001,,-2148097.6066226372,12110.110211531965,0.08210490000000001,0.250834375,,,0.9689645180859644,0.9689645180859644,0.001280159747977266,0.001280159747977266,0.0009656977149032255,0.0009656977149032255,0.0009776388208800355,0.0009776388208800355,0.0019680967523390764,0.0019680967523390764,0.00012555820757395594,0.00012555820757395594,0.005363343523261239,0.005363343523261239,0.012367827937841355,0.012367827937841355,0.002449685875291905,0.002449685875291905,0.0008574506941754782,0.0008574506941754782,0.0008602538009844266,0.0008602538009844266,0.0038197688388076443,0.0038197688388076443
SF_6683_19,0.0772308,,-2139787.243291962,12120.2429429866,0.0772308,0.23359625,,,0.8957010547557633,0.8957010547557633,0.0006501452622460634,0.0006501452622460634,0.0008995071791600288,0.0008995071791600288,0.0,0.0,0.003211770980546971,0.003211770980546971,7.929753920866659e-05,7.929753920866659e-05,0.016652343803643065,0.016652343803643065,0.002668439212379783,0.002668439212379783,0.0032286033169196615,0.0032286033169196615,0.0022802012053419647,0.0022802012053419647,0.0011029503433890695,0.0011029503433890695,0.07352568640140135,0.07352568640140135
SF_6682_19,0.06803994999999999,,-2122843.858955495,12584.483218284506,0.06803994999999999,0.20678635,,,0.7758699293875841,0.7758699293875841,0.0010969397442007415,0.0010969397442007415,0.000847613584532328,0.000847613584532328,0.0006405973291555469,0.0006405973291555469,0.0032317278117425206,0.0032317278117425206,4.5022583252202075e-09,4.5022583252202075e-09,0.034664292429186075,0.034664292429186075,0.0014393464573227662,0.0014393464573227662,0.004228120721389926,0.004228120721389926,0.0007563009872495655,0.0007563009872495655,0.0006718725683223505,0.0006718725683223505,0.17655325447705567,0.17655325447705567
SF_6681_19,0.06057345,,-2096932.0947811329,13035.212451414025,0.06057345,0.17846800000000002,,,0.6623951487681272,0.6623951487681272,0.0012958378320239885,0.0012958378320239885,0.0005494610820626324,0.0005494610820626324,0.0,0.0,0.0017492243578503784,0.0017492243578503784,0.0,0.0,0.050953892518670114,0.050953892518670114,0.001360350115889429,0.001360350115889429,0.005028749267698642,0.005028749267698642,0.000925492806074633,0.000925492806074633,0.0002775541312585449,0.0002775541312585449,0.2754642891203445,0.2754642891203445
SF_6680_19,0.055780475,,-2064447.462004894,13489.208626180362,0.055780475,0.15717302500000002,,,0.5758030700045861,0.5758030700045861,0.0010475755692111166,0.0010475755692111166,0.0,0.0,0.0,0.0,0.0028918766579119747,0.0028918766579119747,5.79154163057567e-06,5.79154163057567e-06,0.0719250232586901,0.0719250232586901,0.006057349729891435,0.006057349729891435,0.005432067341276728,0.005432067341276728,0.0,0.0,0.0004158230321392543,0.0004158230321392543,0.3364214228646627,0.3364214228646627
SF_6679_19,0.050518875000000005,,-2022757.005765111,13670.453516012738,0.050518875000000005,0.144915975,,,0.5228878395120686,0.5228878395120686,0.0006476184778640211,0.0006476184778640211,0.00037833060965803545,0.00037833060965803545,0.0,0.0,0.0019223462590494387,0.0019223462590494387,0.0,0.0,0.09547186116030779,0.09547186116030779,0.012551079265733678,0.012551079265733678,0.0055456380997142354,0.0055456380997142354,0.0003444827097079781,0.0003444827097079781,0.00039098386477905297,0.00039098386477905297,0.3598598200411173,0.3598598200411173
SF_6678_19,0.050422825000000004,,-1973557.6074356912,13375.28996514216,0.050422825000000004,0.14211700000000002,,,0.5140151660397475,0.5140151660397475,0.000610494162229658,0.000610494162229658,0.0009450060319055728,0.0009450060319055728,0.0,0.0,0.001666801485242441,0.001666801485242441,0.0,0.0,0.12636854331853162,0.12636854331853162,0.023206166743402708,0.023206166743402708,0.007167734785383748,0.007167734785383748,0.0003245267507626239,0.0003245267507626239,0.00048555609830428035,0.00048555609830428035,0.3252100045844899,0.3252100045844899
SF_6677_19,0.050679049999999996,,-1918395.920691385,12906.82472142332,0.050679049999999996,0.144481025,,,0.5199841804252523,0.5199841804252523,0.000605088480172258,0.000605088480172258,0.001986618499677723,0.001986618499677723,0.0,0.0,0.002157162803993415,0.002157162803993415,0.0003064037970436096,0.0003064037970436096,0.17572907335222265,0.17572907335222265,0.036711357627592645,0.036711357627592645,0.008175454431927168,0.008175454431927168,0.0,0.0,0.0030515484095223534,0.0030515484095223534,0.251293112172596,0.251293112172596
SF_6676_19,0.05331467499999999,,-1858939.3071549672,12463.80984651436,0.05331467499999999,0.15202535,,,0.5336438277871658,0.5336438277871658,0.0008744110278615632,0.0008744110278615632,0.0020977956566989456,0.0020977956566989456,0.0,0.0,0.0019115184530773856,0.0019115184530773856,0.0,0.0,0.22661815150614684,0.22661815150614684,0.05822895381449197,0.05822895381449197,0.009641655167669376,0.009641655167669376,0.0,0.0,0.0028680167976151685,0.0028680167976151685,0.16411566978927286,0.16411566978927286
SF_6675_19,0.055498925,,-1796561.5132511433,12082.486766790826,0.055498925,0.15662537499999998,,,0.5687088068237448,0.5687088068237448,0.0012313210366263904,0.0012313210366263904,0.00230320512365287,0.00230320512365287,0.0,0.0,0.0016808550000373284,0.0016808550000373284,0.0003033312589254275,0.0003033312589254275,0.300370527201538,0.300370527201538,0.08017362823228412,0.08017362823228412,0.01113628522867851,0.01113628522867851,0.0002823527228467549,0.0002823527228467549,0.006581403327490045,0.006581403327490045,0.027228284044175637,0.027228284044175637
SF_6674_19,0.056038825,,-1733608.4255686388,12334.806407731696,0.056038825,0.164370275,,,0.5873122790344474,0.5873122790344474,0.0019699166932692683,0.0019699166932692683,0.0016915352917290512,0.0016915352917290512,0.0018025945923473951,0.0018025945923473951,0.002144714582510187,0.002144714582510187,0.0,0.0,0.2792447311540822,0.2792447311540822,0.09784031897987965,0.09784031897987965,0.010978328548798273,0.010978328548798273,0.00025234858515926995,0.00025234858515926995,0.005585485507531343,0.005585485507531343,0.011177747030246068,0.011177747030246068
SF_6673_19,0.051650575,,-1666965.724924103,13108.047081324105,0.051650575,0.14942395,,,0.5150670552005893,0.5150670552005893,0.0018071812336532365,0.0018071812336532365,0.0013763881630155254,0.0013763881630155254,0.0013585816786073899,0.0013585816786073899,0.0013292523871805907,0.0013292523871805907,0.0,0.0,0.23417765502530496,0.23417765502530496,0.10402654457607241,0.10402654457607241,0.010540937494688547,0.010540937494688547,0.00026581082449594765,0.00026581082449594765,0.006098959399930659,0.006098959399930659,0.12395163401646131,0.12395163401646131
SF_6672_19,0.041480925,,-1593845.746662267,14316.311235152334,0.041480925,0.12049315,,,0.4088289357422274,0.4088289357422274,0.0014856280932485642,0.0014856280932485642,0.0010757916629947166,0.0010757916629947166,0.0011542262986636558,0.0011542262986636558,0.0013257012227011191,0.0013257012227011191,0.0007324331190560839,0.0007324331190560839,0.12894360714366443,0.12894360714366443,0.11739681819032828,0.11739681819032828,0.00930512574049076,0.00930512574049076,0.0,0.0,0.004474214203708046,0.004474214203708046,0.325277518582917,0.325277518582917
SF_6671_19,0.0308855,,-1600009.020852283,17364.668897715568,0.0308855,0.0842187,,,0.2875562285044128,0.2875562285044128,0.0006442910628147083,0.0006442910628147083,0.0005081212773488242,0.0005081212773488242,0.0,0.0,0.0010322153316994515,0.0010322153316994515,0.0006422044214011564,0.0006422044214011564,0.012892203669342878,0.012892203669342878,0.0846703123795901,0.0846703123795901,0.004986247514234559,0.004986247514234559,0.0,0.0,0.004115936253543251,0.004115936253543251,0.6029522395856122,0.6029522395856122
SF_6664_19,0.026802375,,-1555001.094027697,17196.700161646753,0.026802375,0.07607707500000001,,,0.27876227133451115,0.27876227133451115,0.000903713459457624,0.000903713459457624,0.0001347433255203284,0.0001347433255203284,0.0,0.0,0.0009820610342378328,0.0009820610342378328,0.0009062102408482468,0.0009062102408482468,0.062115660747493584,0.062115660747493584,0.10526574833144141,0.10526574833144141,0.0071124163052193705,0.0071124163052193705,0.0,0.0,0.005050532700635137,0.005050532700635137,0.5387666425206352,0.5387666425206352
SF_6663_19,0.0204235,,-1521965.4223685432,19473.093550434485,0.0204235,0.058085975,,,0.21327895801005806,0.21327895801005806,0.0008358142085574677,0.0008358142085574677,7.775044367765495e-05,7.775044367765495e-05,0.0001001810618347321,0.0001001810618347321,0.0007963516106774832,0.0007963516106774832,0.0007302904831956244,0.0007302904831956244,0.20788669048759983,0.20788669048759983,0.09291794458551625,0.09291794458551625,0.007473294448073474,0.007473294448073474,0.0,0.0,0.004721646427798669,0.004721646427798669,0.47118107823301086,0.47118107823301086
SF_6662_19,0.015239525,,-1492706.471052116,22755.527700924285,0.015239525,0.042751225000000004,,,0.15195033255090112,0.15195033255090112,0.0009149843528616171,0.0009149843528616171,0.0,0.0,0.0,0.0,0.0003739452266104372,0.0003739452266104372,0.0007526806971889262,0.0007526806971889262,0.34948437560420775,0.34948437560420775,0.07523437534532693,0.07523437534532693,0.006835480971712884,0.006835480971712884,0.0,0.0,0.0030271047374488295,0.0030271047374488295,0.4114267205137415,0.4114267205137415
SF_6661_19,0.0119135,,-1468455.3860872884,26465.602491015918,0.0119135,0.0322522,,,0.11029678336706596,0.11029678336706596,0.0007673803208172415,0.0007673803208172415,0.0,0.0,8.336297417674218e-05,8.336297417674218e-05,0.0002788127233206968,0.0002788127233206968,0.000669828001964234,0.000669828001964234,0.45919191626539857,0.45919191626539857,0.05886695646256152,0.05886695646256152,0.005472472350357026,0.005472472350357026,0.0,0.0,0.0022681520788948254,0.0022681520788948254,0.3621043354554431,0.3621043354554431
SF_6660_19,0.01002875,,-1447663.1119915976,30392.73709528656,0.01002875,0.025582824999999997,,,0.08539334485637401,0.08539334485637401,0.00043862007901799253,0.00043862007901799253,0.0,0.0,0.0001320416660831986,0.0001320416660831986,0.00015914070683519725,0.00015914070683519725,0.0,0.0,0.5387346001395583,0.5387346001395583,0.04708994730457211,0.04708994730457211,0.004304821499941479,0.004304821499941479,0.0,0.0,0.0018516720614177831,0.0018516720614177831,0.3218958116862,0.3218958116862
SF_6659_19,0.008405275,,-1429790.9066428037,34020.961649381934,0.008405275,0.02130825,,,0.06766806021168342,0.06766806021168342,0.000470919171696405,0.000470919171696405,0.0,0.0,6.822030240518567e-05,6.822030240518567e-05,0.0,0.0,0.0,0.0,0.5944622782559786,0.5944622782559786,0.03940699103260338,0.03940699103260338,0.0036407970094615356,0.0036407970094615356,5.6466136761332115e-05,5.6466136761332115e-05,0.001500818858961707,0.001500818858961707,0.29272544902044845,0.29272544902044845
SF_6658_19,0.007652175000000001,,-1414658.4957873402,37258.06572264366,0.007652175000000001,0.018537349999999998,,,0.055273976843699675,0.055273976843699675,0.00032533244376597683,0.00032533244376597683,7.643769962707813e-05,7.643769962707813e-05,0.00010273050817383485,0.00010273050817383485,0.0,0.0,0.0,0.0,0.6309736629238719,0.6309736629238719,0.034378378900504776,0.034378378900504776,0.00318992302781173,0.00318992302781173,3.288629156994693e-05,3.288629156994693e-05,0.001114870512201755,0.001114870512201755,0.2745318008487734,0.2745318008487734
SF_6657_19,0.007290474999999999,,-1401861.8639620272,40182.31107920959,0.007290474999999999,0.01672215,,,0.047588164938340304,0.047588164938340304,0.00021399691512454595,0.00021399691512454595,6.842810496460252e-05,6.842810496460252e-05,9.760500790150547e-05,9.760500790150547e-05,0.00010298497206784806,0.00010298497206784806,0.0,0.0,0.6594993781999496,0.6594993781999496,0.030365595165014327,0.030365595165014327,0.0027203424297045794,0.0027203424297045794,2.842092366418585e-05,2.842092366418585e-05,0.0009467752599201264,0.0009467752599201264,0.2583683080833483,0.2583683080833483
SF_6656_19,0.006472374999999999,,-1391688.0470451054,42736.68180607099,0.006472374999999999,0.01551475,,,0.041930129817567,0.041930129817567,0.00024149118190637823,0.00024149118190637823,6.308615666730136e-05,6.308615666730136e-05,9.378062399528892e-05,9.378062399528892e-05,0.0002632404242148761,0.0002632404242148761,0.00036838480021961673,0.00036838480021961673,0.6874518940484096,0.6874518940484096,0.025843823083293097,0.025843823083293097,0.002515835580862648,0.002515835580862648,2.5505669597706147e-05,2.5505669597706147e-05,0.0011408218084116395,0.0011408218084116395,0.24006200680485484,0.24006200680485484
SF_6655_19,0.006322675,,-1383872.5673648457,44603.93576024293,0.006322675,0.014743025,,,0.03826823794975835,0.03826823794975835,0.00026845099327027077,0.00026845099327027077,5.97288734736631e-05,5.97288734736631e-05,5.32818856229384e-05,5.32818856229384e-05,0.00024875936106556,0.00024875936106556,0.0003524175271228093,0.0003524175271228093,0.7003912445298713,0.7003912445298713,0.02486962688639417,0.02486962688639417,0.0022113832183430953,0.0022113832183430953,3.701830652785831e-05,3.701830652785831e-05,0.0010280235472360467,0.0010280235472360467,0.2322118269213139,0.2322118269213139
SF_6654_19,0.006159675,,-1378649.9723171422,45968.21477321025,0.006159675,0.014280275,,,0.03663742232623975,0.03663742232623975,0.00021397198736831046,0.00021397198736831046,5.7776801688373236e-05,5.7776801688373236e-05,5.17076999585556e-05,5.17076999585556e-05,0.0002270119680865019,0.0002270119680865019,0.0003425543858449337,0.0003425543858449337,0.7093177377904222,0.7093177377904222,0.023037688125491982,0.023037688125491982,0.0022082399788346694,0.0022082399788346694,3.5736954650310935e-05,3.5736954650310935e-05,0.000986127685646502,0.000986127685646502,0.22688402429576793,0.22688402429576793
SF_6653_19,0.006080925000000001,,-1375765.8391052184,46664.66875855986,0.006080925000000001,0.014067225000000001,,,0.03568724940515515,0.03568724940515515,0.00020972797663024303,0.00020972797663024303,5.7112488115812836e-05,5.7112488115812836e-05,5.0742984900513694e-05,5.0742984900513694e-05,0.00022330640301640778,0.00022330640301640778,0.0003375219276548019,0.0003375219276548019,0.7130612782713777,0.7130612782713777,0.022465700829457504,0.022465700829457504,0.0021523482853112634,0.0021523482853112634,3.528585519547361e-05,3.528585519547361e-05,0.0009663208903311869,0.0009663208903311869,0.22475340468285399,0.22475340468285399
